<?xml version='1.0' encoding='utf-8'?>
<!DOCTYPE jasperReport PUBLIC "-//JasperReports//DTD Report Design//EN" 
"http://jasperreports.sourceforge.net/dtds/jasperreport.dtd">
<jasperReport name="PDFReport" pageWidth="1250">
<!-- Specify report fonts. -->
<reportFont name="Arial_Normal" isDefault="true" fontName="Arial" size="15" isBold="false" isItalic="false"  
isUnderline="false" isStrikeThrough="false" pdfFontName="Helvetica" pdfEncoding="Cp1252" isPdfEmbedded="false"/>
<reportFont name="Arial_Bold" isDefault="false" fontName="Arial" size="15" isBold="true" isItalic="false" isUnderline="false"  
isStrikeThrough="false" pdfFontName="Helvetica-Bold" pdfEncoding="Cp1252" isPdfEmbedded="false"/>
	<reportFont name="Arial_Italic" isDefault="false" fontName="Arial" size="12" isBold="false" isItalic="true"  
isUnderline="false" isStrikeThrough="false" pdfFontName="Helvetica-Oblique" pdfEncoding="Cp1252" isPdfEmbedded="false"/>
<!-- Specify report parameters. -->
<parameter name="ReportTitle" class="java.lang.String"/>
<!-- Specify SQL Query -->
<queryString><![CDATA[SELECT CatalogId, Journal, Publisher, Edition, Title, Author FROM Catalog]]></queryString>
<field name="CatalogId" class="java.lang.String"/>
<field name="Journal" class="java.lang.String"/>
<field name="Publisher" class="java.lang.String"/>
<field name="Edition" class="java.lang.String"/>
<field name="Title" class="java.lang.String"/>
<field name="Author" class="java.lang.String"/>
<!-- Specify report title.-->
<title>
    <band height="50">
      <textField>
        <reportElement x="350" y="0" width="200" height="50" />       
        <textFieldExpression class="java.lang.String">$P{ReportTitle}</textFieldExpression>
      </textField>
    </band>
</title>
<!-- Specify page header.-->
 <pageHeader>
    <band>
    </band>
  </pageHeader>
<!-- Specify column headers.-->
 <columnHeader>
    <band height="20">
      <staticText>
        <reportElement x="0" y="0" width="100" height="20"/>
        <textElement>
          <font isUnderline="false" reportFont="Arial_Bold"/>
        </textElement>
        <text><![CDATA[CATALOG ID]]></text>
      </staticText>
     <staticText>
        <reportElement x="125" y="0" width="150" height="20"/>
        <textElement>
          <font isUnderline="false" reportFont="Arial_Bold"/>
        </textElement>
        <text><![CDATA[JOURNAL]]></text>
      </staticText>
      <staticText>
        <reportElement x="300" y="0" width="150" height="20"/>
        <textElement>
          <font isUnderline="false" reportFont="Arial_Bold"/>
        </textElement>
        <text><![CDATA[PUBLISHER]]></text>
      </staticText>
      <staticText>
        <reportElement x="475" y="0" width="150" height="20"/>
        <textElement>
          <font isUnderline="false" reportFont="Arial_Bold"/>
        </textElement>
        <text><![CDATA[EDITION]]></text>
      </staticText>
<staticText>
        <reportElement x="650" y="0" width="250" height="20"/>
        <textElement>
          <font isUnderline="false" reportFont="Arial_Bold"/>
        </textElement>
        <text><![CDATA[TITLE]]></text>
      </staticText>
      <staticText>
        <reportElement x="925" y="0" width="200" height="20"/>
        <textElement>
          <font isUnderline="false" reportFont="Arial_Bold"/>
        </textElement>
        <text><![CDATA[AUTHOR]]></text>
      </staticText>
    </band>
  </columnHeader>
<!-- Specify column data binding.-->
<detail>
    <band height="20">
      <textField>
        <reportElement x="0" y="0" width="100" height="20"/>
        <textFieldExpression class="java.lang.String"><![CDATA[$F{CatalogId}]]></textFieldExpression>
      </textField>
      <textField pattern="0.00">
        <reportElement x="125" y="0" width="150" height="20"/>
        <textFieldExpression class="java.lang.String"><![CDATA[$F{Journal}]]></textFieldExpression>
      </textField>
      <textField pattern="0.00">
        <reportElement x="300" y="0" width="150" height="20"/>
        <textFieldExpression class="java.lang.String"><![CDATA[$F{Publisher}]]></textFieldExpression>
      </textField>
 <textField>
        <reportElement x="475" y="0" width="150" height="20"/>
        <textFieldExpression class="java.lang.String"><![CDATA[$F{Edition}]]></textFieldExpression>
      </textField>
     <textField pattern="0.00">
        <reportElement x="650" y="0" width="250" height="20"/>
        <textFieldExpression class="java.lang.String"><![CDATA[$F{Title}]]></textFieldExpression>
      </textField>
 <textField>
        <reportElement x="925" y="0" width="200" height="20"/>
        <textFieldExpression class="java.lang.String"><![CDATA[$F{Author}]]></textFieldExpression>
      </textField>
    </band>
  </detail>
<columnFooter>
    <band>
    </band>
  </columnFooter>
<pageFooter>
    <band height="15">
      <staticText>
        <reportElement x="0" y="0" width="40" height="15"/>
         <textElement>
          <font isUnderline="false" reportFont="Arial_Italic"/>
        </textElement>
        <text><![CDATA[Page #]]></text>
      </staticText>
      <textField>
        <reportElement x="40" y="0" width="100" height="15"/>
        <textElement>
          <font isUnderline="false" reportFont="Arial_Italic"/>
        </textElement>
        <textFieldExpression class="java.lang.Integer"><![CDATA[$V{PAGE_NUMBER}]]></textFieldExpression>
      </textField>
    </band>
  </pageFooter>
<summary>
    <band>
    </band>
  </summary>
</jasperReport>
